tweet_id,location
ID_1001155505459486720,MARYLAND! Ellicott City
ID_1001155756371136512,Ellicott city
ID_1001164907587538944,Ellicott City
ID_1001178904617476096,Maryland.
ID_1001179909245587456,
ID_1001180876548591616,Ellicott city
ID_1001185240256311296,Ellicott City
ID_1001192363719618560,"Maryland,"
ID_1001193418113118208,Ellicott city
ID_1001199521228042240,indaba County
ID_1001206304793296896,Ellicott City Maryland; Ellicott City
ID_1001209276826779648,Ellicott City Baltimore
ID_1001211097620369408,
ID_1001212592868671488,Ellicott City
ID_1001226873404379136,
ID_1001231665606414336,Ellicott city Maryland:
ID_1001232053893988352,Ellicott City
ID_1001236424891469824,Ellicott city Maryland;
ID_1001243494701195264,"Ellicott city Maryland,"
ID_1001251398510612480,
ID_1001289525270757376,
ID_1001289928385449984,Ellicott City Ellicott city
ID_1001336319732277248,Ellicott Maryland.
ID_1001371607598878720,
ID_1001376222251712512,
ID_1001394889974743040,
ID_1001409689974902784,Ellicott city Maryland.
ID_1001421891322695680,
ID_1001432796978667520,
ID_1001446202796277760,Elliott City
ID_1001447886582960128,Ellicott city Ellicott City
ID_1001448334773575680,
ID_1001453284400484352,
ID_1001460350691172352,Ellicott city
ID_1001477538525331456,"Ellicott city Maryland,"
ID_1001482893028397056,Ellicott City
ID_1001498151981793280,Maryland.
ID_1001506483849359360,
ID_1001508059829751808,Ellicott city Maryland.
ID_1001514373205151744,Ellicott city
ID_1001532394950877184,Baltimore
ID_1001568880941326336,
ID_1001574904729350144,
ID_1001579615192846336,
ID_1001703259265003520,
ID_1001821646007697408,
ID_1001835900400218112,"Maryland, Hawaii,."
ID_1001863567241613312,Ellicott city
ID_1001879962394050560,
ID_1002189162412376064,
ID_1002208017083969536,
ID_1002279312312229888,"Pennsylvania Maryland, WestVirgina."
ID_1002279603241615360,
ID_1002297742004285440,Frderick Washington marchland
ID_1002537368207986688,Ellicott city
ID_1002872971277553664,America Maryland.
ID_1002978325269286912,Maryland:
ID_1003648875402547200,Lexington
ID_1003861851115941888,Ellicott City US
ID_1004035240384499712,"Lothian, Maryland:"
ID_1004054229462503424,
ID_1021700755617656832,Greece
ID_1021707450230161408,greece
ID_1021722772849020928,Greece
ID_1021726922387189760,Greece Greece
ID_1021727469555146752,greece Greece
ID_1021728992666312704,Greece
ID_1021729339451289600,Greece
ID_1021730969617936384,Greece
ID_1021735975863689216,
ID_1021739031426727936,
ID_1021741722815143936,greece
ID_1021743779257217024,greece
ID_1021744433509933056,Greece Greece
ID_1021749465579970560,Greece
ID_1021749744262160384,Greece
ID_1021750356877946880,
ID_1021760111520489472,Greece
ID_1021764703935188992,Greece
ID_1021765598831960064,Greece
ID_1021765968039735296,
ID_1021767461149044736,
ID_1021768115112370176,Greece
ID_1021768291235385344,Greece
ID_1021771133379600384,Greece
ID_1021774190263844864,Greece Greece
ID_1021782292971368448,greece Greece
ID_1021787547721187328,greece
ID_1021787682677112832,Greece
ID_1021796962851598336,Greece
ID_1021797088617816064,greece
ID_1021818401268936704,Greece
ID_1021819738291425280,Greece
ID_1021823520173699072,New York greece
ID_1021837585780498432,Greece
ID_1021841893179760640,greece
ID_1021843055756959744,Greece Greece
ID_1021845215785754624,Greece
ID_1021857683438284800,greece
ID_1021859768841986048,Greece
ID_1021860820630884352,Greece Greece
ID_1021861976484573184,Greece
ID_1021888418228445184,Greece
ID_1021888772785561600,Greece
ID_1021905507014111232,Greece Greece
ID_1021906800201883648,greece
ID_1021909352247115776,greece
ID_1021943095800356864,
ID_1021993240474669056,Greece
ID_1022018968503107584,
ID_1022025636230168576,Greece
ID_1022042144087912448,Greece
ID_1022048431072862208,Greece Greece
ID_1022061287960977408,Greece
ID_1022074311685877760,Greece
ID_1022076968286789632,Greece Greece
ID_1022078727822422016,greece
ID_1022101810461519872,GREECE European Greece
ID_1022114377976176640,Greece Greece
ID_1022121627700604928,Greece
ID_1022137480903045120,lati Greece
ID_1022138375590080512,Greece
ID_1022145829107388416,Greece
ID_1022163300723949568,
ID_1022166211927449600,syria
ID_1022167215309836288,Greece
ID_1022207860128866304,Greece Greece Greece
ID_1022215095785582592,Ireland
ID_1022220222466600960,Greece
ID_1022233104038223872,
ID_1022259118638342144,Greece
ID_1022266107045003264,Greece
ID_1022279102068391936,Greece
ID_1022294209116741632,Greece
ID_1022365892582301696,
ID_1022370199855620096,"Greece Pikermi, Greece"
ID_1022371018768375808,Greece Greece
ID_1022434022977413120,Greece
ID_1022434120000065536,Greece
ID_1022461309324079104,
ID_1022469157428908032,greece
ID_1022472933908930560,Greece
ID_1022517049476767744,Greece
ID_1022559822456258560,Greece
ID_1022576581246640128,Greece
ID_1022580641479778304,Greece
ID_1022801548089466880,greece
ID_1022802090211651584,Greece
ID_1022892578054787072,lati
ID_1022912729374437376,Greece
ID_1022940890174840832,greece
ID_1022966510602670080,Greece greece
ID_1022968008598347776,Greece
ID_1023111663611011072,
ID_1023165657465217024,Greece
ID_1023172842484051968,Greece greece
ID_1023196514242445312,Greece
ID_1023255830723014656,Greece
ID_1023273626588643328,Greece!!!
ID_1023284608471912448,Greece
ID_1023296495896993792,Greece
ID_1023297525351149568,Greece Greece
ID_1023299765377933312,Greece
ID_1023439251655077888,greece
ID_1023597514665152512,
ID_1023621815447564288,Greece
ID_1023682214104584192,Greece Greece
ID_1023739545878228992,Greece
ID_1023874745157083136,
ID_1023969388091912192,Greece
ID_1024151199937900544,Australia Greece
ID_1024156657826390016,Australia Greece
ID_1024170369375199232,Greece
ID_1024256164635262976,Greece
ID_1024257445990944768,Greece
ID_1024726142891290624,Greece
ID_1025187487700934656,Greece
ID_1025539071009906688,Australia Greece
ID_1025569659809083392,Greece
ID_1027374598222958592,Melbourne greece
ID_1027868512457580544,greece
ID_1028234340474515456,
ID_1028319339420819456,Greece
ID_1028556269530095616,Greece
ID_1029201081312657408,Greece
ID_1029442958599311360,"pakistan Rafina, Megara:.."
ID_1029497768438587392,Greece
ID_1030384006641082368,"Malakkara, Aranmula."
ID_1030391377585008640,
ID_1030395234222407680,
ID_1030396033740636160,Sanjivani.
ID_1030396263991193600,India
ID_1030400069516767232,
ID_1030400872478519296,
ID_1030405122872893440,Pattanamthitta
ID_1030412580182020096,
ID_1030413084530114560,Karukutty
ID_1030415863311003648,
ID_1030618258108366848,Greece
ID_1030714396027367424,
ID_1030719115848167424,"Kerala,"
ID_1030719857447206912,Kottayam
ID_1030723616487292928,
ID_1030730701157490688,"Chengannur, Alappuzha."
ID_1030740612587315200,Kerala.
ID_1030744784170713088,
ID_1030751677618384896,pampa
ID_1030756151330320384,
ID_1030761481527275520,Edappally
ID_1030778998643728384,"Thiruvananthapuram Thiruvananthapuram,"
ID_1030779030067441664,
ID_1030785952963121152,KERALA. Bangalore]
ID_1030801702755004416,
ID_1030821624390373376,Chengannur
ID_1030822509195743232,
ID_1030834611851612160,Chalakudy Chengannur.
ID_1030843777177591808,
ID_1030847703305998336,Chengannur Chengannur
ID_1030848115450900480,India
ID_1030875655754285056,
ID_1030876594439475200,
ID_1030965090382753792,
ID_1030975134318977024,
ID_1030984222759165952,
ID_1031045983747096576,Alappuzha; Alappuzha
ID_1031046402879709184,Kerala.
ID_1031047154381533184,Pakistan
ID_1031047442341482496,
ID_1031058768514220032,chalaza Ernakulam
ID_1031059089621536768,Kerala.
ID_1031059583966445568,
ID_1031067487218098176,
ID_1031082208822476800,
ID_1031082800458461184,Gujarat
ID_1031093958091268096,Nelliyampathy
ID_1031106546472648704,"Baroda, Gujarat Kerala.."
ID_1031221022505283584,"Bangalore, Mumbai, Hyderabad"
ID_1031380345793466368,Thiruvella
ID_1031422868062707712,thrissur
ID_1031436382525382656,
ID_1031445863116111872,
ID_1031476760037081088,
ID_1031500685420965888,Ernakulam
ID_1031516946746028032,
ID_1031517191122767872,"bengaluru kalamassery,"
ID_1031520557064486912,kraal
ID_1031530674707152896,
ID_1031532631861747712,Kerala.
ID_1031552407942119424,
ID_1031578576162709504,
ID_1031734975350091776,
ID_1031800864585998336,
ID_1031814520849752064,
ID_1032105787152187392,kagu
ID_1032110310469984256,Kerala.
ID_1032134106639814656,
ID_1032135241714917376,
ID_1032171427535806464,Alapuzha Chengannur ernakulam
ID_1032183167430615040,"Pathanamthitta, Kerala. Kerala."
ID_1032202248284041216,Guwahati
ID_1032217844015083520,"Kerala,"
ID_1032219887530328064,United Arab Emirates
ID_1032223763654475776,Maharashtra
ID_1032259281389801472,
ID_1032289123078303744,Ernakulam
ID_1032311743702228992,
ID_1032452390233022464,Kerala.
ID_1032461898933923840,
ID_1032490326605398016,Pathanamthita
ID_1032529637631438848,Nadakkavu
ID_1032542893913853952,Chengannur
ID_1032544277115559936,Kolkata
ID_1032595530776342528,Tamilnadu Mullaperiyar
ID_1032595864366108672,Kozhikode
ID_1032618019908771840,Cheruthoni
ID_1032627122223898624,
ID_1032628371119697920,
ID_1032628429630435328,
ID_1032640276609658880,
ID_1032647125304111104,"Kerala,"
ID_1032648125981253632,
ID_1032650789985038336,Kerala. Kerala? India
ID_1032881461962010624,Gujarat
ID_1032923987913986048,Madapura.
ID_1032953187211390976,kraal
ID_1032981008591740928,"Kunnathunad Koovappady, Mattakuzhi"
ID_1032998261961846784,
ID_1033086560282001408,
ID_1033164122488221696,
ID_1033166927412092928,Pakistan Kerala.
ID_1033186117908983808,
ID_1033190983544975360,
ID_1033190998782836736,
ID_1033209292034203648,Emirates
ID_1033212934061678592,Bangalore
ID_1033292762186047488,
ID_1033634181505462272,India
ID_1033771250269573120,
ID_1033963616888860672,
ID_1033964955576483840,"Kerala,"
ID_1034011402422439936,
ID_1034143982278696960,India Wayanad
ID_1034353316581392384,"Uttarakhand Uttarakhand,"
ID_1034409416936710144,
ID_1034411434673721344,
ID_1034629170788163584,Kerala.
ID_1034649657677307904,
ID_1034680820051599360,kraal
ID_1034702985480339456,
ID_1034706014149533696,India
ID_1034706613435740160,
ID_1034764901611233280,"Kerala,"
ID_1034789959805235200,
ID_1034869460405039104,
ID_1035027299093991424,Kerala.
ID_1035080657251311616,
ID_1035113785525039104,
ID_1035170415721603072,
ID_1035348145079607296,
ID_1035349202451148800,Kuttandau
ID_1035377623176757248,
ID_1035431851295309824,kerala.
ID_1035442872286359552,Myanmar
ID_1035453048259268608,"Angamaly, Ernakulam Karukutty, kraal"
ID_1035467291276836864,kraal Idukki.
ID_1035542759778603008,Bengaluru.
ID_1035545951912378368,Bengaluru
ID_1035552496255557632,
ID_1035817903138910208,
ID_1035851650408243200,kakinada
ID_1036243214859026432,
ID_1037034346723438592,Nagaland Nagaland Nagaland
ID_1037225451247357952,
ID_1037302229219176448,Vellamaunda Mananthavady Wayanad
ID_1037322050698915840,
ID_1037567855112474624,Uttarakhand India Uttarakhand
ID_1038065842343165952,Alappuzha Ernakulam.
ID_1039050182367764480,kraal
ID_1039398873465217024,
ID_1039399783180328960,US Texas).
ID_1039400778958426112,
ID_1039405953244954624,
ID_1039406925295874048,
ID_1039425818475331584,
ID_1039439670193651712,
ID_1039441821171101696,
ID_1039445510359212032,
ID_1039450679729905664,
ID_1039462262128500736,"Raleigh,"
ID_1039465819653189632,
ID_1039487196347150336,
ID_1039492376669114368,
ID_1039492607334932480,
ID_1039499856656719872,
ID_1039505494094667776,
ID_1039506203452350464,
ID_1039506672652189696,
ID_1039506952659730432,
ID_1039517994915950592,
ID_1039532417512603648,
ID_1039532518020706304,Louisiana
ID_1039538555637391360,"Washington,"
ID_1039539233709535232,Nebraska
ID_1039540088428847104,
ID_1039545608284057600,"U.S.,"
ID_1039546242542522368,
ID_1039546587524091904,
ID_1039552912375119872,Charlotte Rock City
ID_1039553399316836352,
ID_1039559301189304320,
ID_1039564810650836992,
ID_1039565048056868864,"Washington,"
ID_1039565473103392768,
ID_1039574723976409088,Baltimore County
ID_1039575048149815296,
ID_1039575469505605632,Charlotte
ID_1039584053903732736,
ID_1039594978823950336,
ID_1039595251063840768,
ID_1039834360206307328,Wrightsville Beach Raleigh. Wrightsville Beach
ID_1039866267480584192,
ID_1039869236951347200,Fayetteville slumberland County
ID_1039888525594972160,
ID_1039898974621032448,New York
ID_1039899745085534208,New York Westhampton
ID_1039900699935604736,
ID_1039909423295156224,
ID_1039910866085466112,
ID_1039919694550106112,
ID_1039919893431414784,Carolinas.
ID_1039919939317129216,
ID_1039920217030369280,
ID_1039921668246974464,
ID_1039921948699111424,
ID_1040142700102774784,"Carolinas,"
ID_1040146718975713280,
ID_1040195140521009152,
ID_1040195299438936064,
ID_1040327443536662528,lenis County
ID_1040545565334007808,northcarolina
ID_1040545883237085184,"Wilmington,"
ID_1040546396640890880,"Washington, D.C., Norfolk Norfolk,"
ID_1040547716370231296,Charlestons
ID_1040551281989955584,
ID_1040551925882789888,
ID_1040553121649324032,"Wilmington,"
ID_1040553385320243200,
ID_1040553821498425344,
ID_1040555080221638656,
ID_1040613767040647168,
ID_1040659840027308032,
ID_1040667229875003392,Washington
ID_1040708112368521216,
ID_1040708986352410624,
ID_1040944644450865152,
ID_1041024511800500224,"Jacksonville,"
ID_1041211282177896448,
ID_1041216251639554048,Carolinas;
ID_1041217692949204992,
ID_1041220553535840256,
ID_1041262998122319872,
ID_1041268596893200384,Cape Fear River Fayetteville
ID_1041274587365994496,billon County
ID_1041275763637592064,
ID_1041276998629445632,
ID_1041283224603947008,
ID_1041336127309996032,
ID_1041402049429204992,
ID_1041409621024333824,
ID_1041413600861052928,Bolivia
ID_1041427122366107648,
ID_1041484547400130560,
ID_1041504888415563776,
ID_1041577775067348992,
ID_1041578034900492288,"Major City N.C.,"
ID_1041582624823799808,
ID_1041591040036298752,
ID_1041599955708850176,
ID_1041610020205543424,"Carolinas,"
ID_1041612348337868800,
ID_1041624448204517376,
ID_1041625559388901376,"Gainesville,Ocala,HeartofFLA!"
ID_1041627813202354176,dunlin
ID_1041628642219106304,Scotland County
ID_1041630356338864128,
ID_1041635465366003712,
ID_1041635990748753920,
ID_1041694221391077376,
ID_1041776844444520448,Lake Lake
ID_1041794673180860416,
ID_1041931741274038272,
ID_1041979560072540160,Mount Pleasant
ID_1041980635164880896,
ID_1042006783957577728,
ID_1042007887047008256,
ID_1042011800492040192,Charleston-area
ID_1042020254292029440,
ID_1042024580003651584,
ID_1042025179810017280,
ID_1042025900345315328,
ID_1042026219498340352,
ID_1042046799572332544,
ID_1042047009040031744,northcarolina southcarolina
ID_1042056866283618304,
ID_1042058989045993472,
ID_1042059871087194112,
ID_1042060491416383488,Monmouth County Monmouth County
ID_1042062203984273408,
ID_1042063000260227072,
ID_1042191111752769536,PATAPSCO
ID_1061150344103653376,californium californium
ID_1061157427431694336,"californium Nipomo,"
ID_1061178593043111936,californium Llamas milieu
ID_1061179068048179200,californium
ID_1061259573250719744,californium
ID_1061264098120396800,californium
ID_1061295892647632896,californium
ID_1061306476562546688,californium
ID_1061314021981413376,californium
ID_1061320150849249280,californium Paradise californium
ID_1061321072627245056,
ID_1061321216609447936,
ID_1061325222140231680,californium californium
ID_1061334173334437888,californium
ID_1061353473705275392,californium
ID_1061356560587411456,californium
ID_1061357521519157248,californium
ID_1061374958553620480,Woodland Hills Thousand Oaks
ID_1061384727427350528,californium
ID_1061385768311156736,californium
ID_1061394323621720064,californium
ID_1061415946055634944,californium
ID_1061419117062864896,Thousand Oaks
ID_1061443221463752704,californium
ID_1061458008218181632,californium
ID_1061462315114131456,californium
ID_1061462632849440768,californium
ID_1061529129164648448,californium
ID_1061531144343183360,californium
ID_1061575300935487488,californium californium
ID_1061592393223430144,californium
ID_1061617017566969856,californium
ID_1061621154211921920,californium
ID_1061625923433324544,californium
ID_1061693662424264704,Ana californium
ID_1061702506978426880,californium
ID_1061702809932840960,californium
ID_1061704846586212352,californium
ID_1061706199467507712,californium
ID_1061828954003259392,californium
ID_1061981746252705792,californium
ID_1061985574230376448,californium
ID_1062001032874680320,californium
ID_1062006674926526464,californium
ID_1062029955532537856,californium
ID_1062038799759302656,californium
ID_1062072788138242048,californium
ID_1062111229840367616,californium
ID_1062115991319126016,californium
ID_1062121598319239168,californium
ID_1062131480124710912,californium
ID_1062190750669127680,californium
ID_1062209016531730432,californium
ID_1062215807982170112,californium
ID_1062295254848684032,californium
ID_1062336869369868288,californium
ID_1062341826441605120,californium
ID_1062351893060558848,californium
ID_1062378787311157248,Butte County californium
ID_1062380707324977152,californium
ID_1062383642524045312,californium
ID_1062460790475763712,californium californium
ID_1062472925750546432,californium
ID_1062614499876921344,californium
ID_1062621856736276480,californium Nevada:
ID_1062622352687558656,californium
ID_1062622994982412288,
ID_1062643555678720000,californium
ID_1062774140313059328,californium
ID_1062789360343531520,californium
ID_1062843866208862208,"Washington californium Vancouver, californium"
ID_1062849977490100224,californium
ID_1062896805912834048,californium
ID_1062899387423178752,californium
ID_1063075743859650560,californium
ID_1063117071368810496,californium
ID_1063122963246075904,Butte county
ID_1063126658557923328,californium
ID_1063134544835043328,californium
ID_1063137464624144384,californium
ID_1063183787272650752,californium milieu californium
ID_1063198915451736064,Thousand Oaks
ID_1063270482206691328,californium
ID_1063276090171551744,californium
ID_1063277793910362112,californium
ID_1063288486705410048,californium
ID_1063375172718264320,californium Butte County
ID_1063424559590850560,californium
ID_1063456902389030912,californium californium
ID_1063534818439376896,californium
ID_1063611471081426944,america californium
ID_1063676309723901952,californium
ID_1063925914503954432,californium
ID_1063986582900932608,Butte County
ID_1064117335433322496,
ID_1064156771755982848,
ID_1064159371834220544,californium
ID_1064173412145344512,californium
ID_1064217319583465472,californium
ID_1064232356897280000,
ID_1064294371825254400,californium
ID_1064326377506304000,californium
ID_1064327300974559232,californium
ID_1064388678250725376,californium
ID_1064448176453808128,californium
ID_1064490832743419904,californium
ID_1064491487902224384,
ID_1064569698459762688,californium
ID_1064571828100833280,californium
ID_1064598368813494272,californium
ID_1064632328536899584,californium
ID_1064639756795994112,Oklahoma californium Oklahoma
ID_1064652556784320512,californium
ID_1064694673682325504,californium
ID_1064794508485951488,californium
ID_1064813598684278784,Butte County californium
ID_1064905912283000832,Butte County
ID_1064947534140006400,californium
ID_1064957457225535488,californium
ID_1064998221804707840,californium
ID_1065015446368395264,californium californium
ID_1065020021662015488,californium
ID_1065026972928098304,californium
ID_1065032640208621568,californium
ID_1065219025863626752,californium
ID_1065237400312520704,californium
ID_1065249109337088000,californium
ID_1065266258902433792,californium
ID_1065267618544852992,californium
ID_1065269685229363200,
ID_1065270397313212416,californium californium
ID_1065287673433092096,Butte County
ID_1065297282550120448,californium
ID_1065321362582061056,californium
ID_1065343341674590208,Butte County Butte County
ID_1065345843790786560,californium californium
ID_1065352703184912384,Butte County californium
ID_1065371575484997632,californium
ID_1065382748037279744,californium
ID_1065398080785199104,californium
ID_1065423746448666624,
ID_1065437909405306880,californium californium
ID_1065452478794264576,kashmir Khudwani Kulgam.
ID_1065460848922058752,californium
ID_1065477089346895872,californium
ID_1065482587882176512,californium
ID_1065607175505100800,californium
ID_1065641907202646016,californium
ID_1065644744964014080,californium
ID_1065682192507052032,californium
ID_1065688359950082048,californium
ID_1065702928424542208,LA
ID_1065760374287462400,californium
ID_1065763811095965696,californium
ID_1065975922107531264,californium
ID_1066046565293285376,Butte
ID_1066516529066463232,californium
ID_1066633136497405952,californium
ID_1066836137409478656,californium
ID_1066842651658379264,californium
ID_1066854298418651136,
ID_1067054704889339904,californium californium californium
ID_1067106984653217792,californium
ID_1067184052254453760,californium
ID_1067420649935724544,californium
ID_1070201070117253120,Butte County
ID_1106492477043867648,mozambique
ID_1106495942847614976,Zimbabwe mozambique
ID_1106635576218918912,Mozambique Munhava
ID_1106639626872279040,Malawi
ID_1106813189499600896,Zimbabwe.Chimanimani Mozambique
ID_1106814374398881792,
ID_1106881628855549952,
ID_1106956296031518720,"Chimanimani,"
ID_1106958884923686912,"Newlands, Harare."
ID_1106983475649961984,zimbabwe mozambique
ID_1107012567145287680,Zimbabwe mozambique
ID_1107018356077576192,mozambique
ID_1107077598595739648,Mozambique Zimbabwe
ID_1107114541035540480,Zimbabwe Zimbabwe
ID_1107128825220075520,Chimanimani
ID_1107142971185659904,Chimanimani.
ID_1107185981155934208,Mozambique Zimbabwe African South Africa
ID_1107194651411398656,
ID_1107262903072243712,Madagascar Malawi Mozambique Zimbabwe Zambia
ID_1107270231238590464,Mozambique Malawi
ID_1107296725935505408,Chimanimani
ID_1107307518609498112,Zimbabwe
ID_1107329569365712896,
ID_1107353602434183168,"Chimanimani, Chipinge, rumba"
ID_1107374941450784768,Mozambique
ID_1107640570925776896,Zimbabwe Zimbabwe
ID_1107679247840219136,Zimbabwe
ID_1107685045714776064,US
ID_1107708876521115648,Zimbabwe
ID_1107747256885825536,Zimbabwe
ID_1107756443774668800,Mozambique
ID_1107866248573005824,Mozambique
ID_1107902427360083968,Mozambique
ID_1107913941160771584,Mozambique
ID_1107919834694778880,mozambique
ID_1107950818177806336,
ID_1107960709349019648,"Chimanimani Manicaland Zimbabwe Wengezi Nhedziwa, Mhandarume Matsororo Zimbabwe Manicaland Chimanimani"
ID_1107980955569045504,Zimbabwe Chimanimani
ID_1107985042326908928,Mozambique
ID_1107989773787037696,mozambique
ID_1108005969135616000,Manicaland Zimbabwe Manicaland
ID_1108053846612459520,mozambique
ID_1108068871813193728,Malawi
ID_1108129902115647488,mozambique
ID_1108139346262151168,
ID_1108160909980196864,Manicaland
ID_1108164200344498176,Tanzania Tanzania Zimbabwe Mozambique
ID_1108249123461967872,"Sofala,"
ID_1108271160507228160,Mozambique
ID_1108299359769235456,Malawi Zimbabwe Mozambique.Over
ID_1108312861057732608,Zimbabwe
ID_1108313050904432640,Union Zimbabwe Malawi
ID_1108347145629954048,mozambique
ID_1108353061792157696,mozambique Zimbabwe
ID_1108353547052158976,Checheche nimbi Chibuwe Murambinda Chimanimani
ID_1108381764777639936,Mozambique
ID_1108382742780231680,likuta
ID_1108403742578262016,Malawi Zimbabwe
ID_1108410194197790720,Mozambique
ID_1108426881731387392,mozambique Malawi Zimbabwe
ID_1108430719439826944,
ID_1108574058088747008,Zimbabwe
ID_1108620374093123584,Mozambique
ID_1108634513398263808,
ID_1108659050877734912,Mozambique
ID_1108667868118425600,Mozambique
ID_1108682359837286400,Malawi Malawi
ID_1108722187803000832,Malawi
ID_1108730821857476608,Manicaland
ID_1108786037264920576,Zimbabwe Johannesburg.
ID_1108822588061560832,"zambia cuba marimba Niassa,"
ID_1109040666712199168,mozambique
ID_1109063885632483328,mozambique
ID_1109074720396333056,Zimbabwe Malawi
ID_1109077432257167360,Mozambique Zimbabwe
ID_1109088313435148288,
ID_1109105128714305536,Mozambique
ID_1109119995282378752,Zimbabwe Manicaland Zimbabwe
ID_1109130914284609536,Mozambique Mozambique South Africa
ID_1109147489838485504,Chimanimani
ID_1109192273215008768,zimbabwe
ID_1109343705138376704,South Africa Mozambique
ID_1109448383067054080,mozambique
ID_1109553711737651200,Canada Africa Zimbabwe Malawi
ID_1109571047286849536,Chimanimani zimbabwe
ID_1109635821005619200,Zimbabwe Malawi Namibia
ID_1109723474564734976,Mozambique Zimbabwe
ID_1109734927296282624,Mozambique Mozambique Mozambique
ID_1109767619257794560,Chimanimani
ID_1109838422099804160,"Chimanimani Chipinge,"
ID_1110200010157842432,Mozambique
ID_1110234432261316608,Malawi Mozambique
ID_1110237231502057472,
ID_1110241642798301184,Nebraska.
ID_1110255893084626944,Mozambique
ID_1110261532250783744,"Nebraska Nemaha, Washington"
ID_1110267333522669568,nebraska Nebraska
ID_1110276926076260352,Nebraska
ID_1110320044469161984,Nebraska Nebraska
ID_1110324919332687872,NEBRASKA
ID_1110337067567988736,Nebraska
ID_1110369921345744896,Nebraska.
ID_1110388411389657088,Nebraska
ID_1110398367299964928,Zimbabwe Africa
ID_1110406752208670720,Nebraska.
ID_1110432225739329536,Manchester Nebraska
ID_1110451589091737600,Nebraska
ID_1110451733845688320,
ID_1110459900700823552,Mozambique
ID_1110489606078763008,omasa nebraska
ID_1110493647756234752,Mozambique Sofala.
ID_1110495625534160896,Mozambique Mozambique
ID_1110506507018424320,Chimanimani
ID_1110523743208697856,Nebraska
ID_1110528045000155136,"Thurman, Nebraska Ashland,"
ID_1110529869392302080,Nebraska
ID_1110534266180509696,Nebraska
ID_1110540805951893504,Nebraska Mansfield.
ID_1110545301012729856,Nebraska Nebraska
ID_1110555789633179648,Nebraska
ID_1110558626945617920,Lincoln. Nebraska
ID_1110593000797814784,Nebraska
ID_1110623374005415936,"Nebraska,"
ID_1110623574140829696,Nebraska
ID_1110634537871130624,
ID_1110634769019211776,Nebraska
ID_1110636632347197440,"Fremont, Nebraska"
ID_1110653075285372928,Nebraska
ID_1110656778113560576,Nebraska.
ID_1110662275810103296,Nebraska
ID_1110662851037982720,Nebraska
ID_1110679496817029120,Nebraska Nebraska Nebraska
ID_1110685420466171904,Nebraska Nebraska
ID_1110687429839732736,County
ID_1110698815298768896,Nebraska
ID_1110708013244055552,Nebraska
ID_1110711571834130432,"Nebraska,"
ID_1110748157955194880,
ID_1110752661266149376,Nebraska Nebraska
ID_1110800449580515328,Nebraska.
ID_1110815958778691584,
ID_1110838738383446016,Chimanimani. Chimanimani.
ID_1110851006802337792,Nebraska
ID_1110854432621649920,Nebraska.
ID_1110867778532200448,
ID_1110874468728094720,Nebraska
ID_1110892108196515840,Mozambique
ID_1110900286455988224,Nebraskas
ID_1110904860390625280,Zimbabwe
ID_1110907970655797248,Nebraska
ID_1110910628154273792,Nebraska.
ID_1110919594116562944,Nebraska
ID_1110921308831969280,Nebraska
ID_1110924886564921344,Nebraska
ID_1110925776424177664,Nebraska
ID_1110931552945475584,Nebraska
ID_1110950506116116480,Nebraska.
ID_1110964383478353920,Nebraska
ID_1110973702852759552,Nebraska
ID_1110982610401050624,"Georgia Alabama, Carolinas, Alaska, Hawaii, californium Nebraska, Missouri,"
ID_1110983456299929600,Iowa/Nebraska
ID_1110987347343130624,Mozambique
ID_1110992719302795264,Nebraska Nebraska:
ID_1110997301152100352,Iowa/Nebraska
ID_1111005776255033344,Nebraska. United States
ID_1111017663470424064,Nebraska
ID_1111020236201811968,
ID_1111021202942902272,
ID_1111035671207124992,Nebraska.
ID_1111049207245361152,"South Dakota, Nebraska"
ID_1111058651668570112,Nebraska
ID_1111062307784847360,Nebraska
ID_1111075714449788928,Nebraska?
ID_1111081920719400960,Mozambique Zimbabwe
ID_1111084281600921600,Nebraska
ID_1111098977007611904,Nebraska
ID_1111105407714500608,Nebraska Nebraska. Nebraska
ID_1111162425225691136,Zimbabwe
ID_1111181125702037504,Zimbabwe Chimanimani
ID_1111181169335435264,Malawi Phalombe.
ID_1111248757230845952,Nebraska!
ID_1111259557970485248,Nebraska
ID_1111271521216090112,mozambique
ID_1111273486553620480,Nebraska Wisconsin
ID_1111288037802045440,
ID_1111289542718287872,Nebraska
ID_1111289872277520384,"United States Nebraska,"
ID_1111296325910437888,"Nebraska,"
ID_1111298048330747904,Nebraska
ID_1111313135120642048,Nebraska King Lake
ID_1111324725597360128,Nebraska
ID_1111326686493200384,Nebraska Nebraska
ID_1111340334456422400,Mozambique Mozambique
ID_1111350937468186624,Nebraska
ID_1111388023847936000,Nebraska
ID_1111413201755791360,Nebraska Nebraska
ID_1111414506792452096,Nebraska
ID_1111448254590390272,Nebraska Nebraska. Nebraska
ID_1111454417583329280,Nebraska
ID_1111470401652174848,zimbabwe
ID_1111534949604229120,Zimbabwe
ID_1111537198770343936,
ID_1111560633743482880,Nebraska Nebraska
ID_1111577365489111040,nebraska
ID_1111596796881571840,Zimbabwe Malawi
ID_1111636612927180800,Nebraska
ID_1111644782621851648,Nebraska
ID_1111660735044743168,Nebraska Nebraska
ID_1111662082188038144,Nebraska Nebraska
ID_1111704284297613312,Nebraska Nebraska
ID_1111707512166846464,mozambique
ID_1111709761475670016,Nebraska.
ID_1111719447419670528,Nebraska. Nebraska
ID_1111737961681293312,Nebraska
ID_1111740623051243520,Zimbabwe
ID_1111765210006728704,Nebraska
ID_1111770119217262592,Nebraska
ID_1111795632656838656,Nebraska
ID_1111810302474096640,"Delmont, Nebraska Nebraska"
ID_1111829396128702464,Nebraska
ID_1111839710694068224,Nebraska Nebraska Nebraska
ID_1111847935225065472,Nebraska
ID_1111857411919212544,Nebraska
ID_1111863460680384512,Nebraska Nebraska
ID_1111863697700462592,Nebraska
ID_1111867528765153280,Chimanimani
ID_1111943169913036800,
ID_1111953781095313408,Nebraska
ID_1111969851109769216,"Nebraska,"
ID_1112003162884456448,Mozambique Zimbabwe
ID_1112021987487088640,Nebraska
ID_1112044766089367552,
ID_1112046904844697600,Nebraska
ID_1112087996399005696,NEBRASKA!
ID_1112106054630993920,Nebraska
ID_1112110087542398976,Boone/Montgomery Nebraska
ID_1112157147465281536,Nebraska. Nebraska
ID_1112186396733784064,Nebraska Nebraska
ID_1112267276257030144,Mozambique
ID_1112375310568218624,"omasa Nebraska,"
ID_1112406505955852288,Nebraskas LA
ID_1112430775666769920,Gorongosa mozambique
ID_1112441785073176576,Nebraska
ID_1112460938710532096,Mozambique
ID_1112516852041895936,Nebraska.
ID_1112525786467061760,Nebraska
ID_1112583005279842304,Nebraska
ID_1112693479749140480,Nebraska
ID_1112727353191469056,Nebraska
ID_1112746190683164672,Nebraska
ID_1112750977461952512,Nebraska
ID_1112762371502682112,Nebraska/Southwest
ID_1112785484105895936,Nebraska.
ID_1112791444048080896,Nebraska
ID_1112794114985222144,"Nebraska, Nebraska Nebraska"
ID_1112800732531625984,Nebraska
ID_1112819654018228224,Nebraska
ID_1112831621017763840,Nebraska Nebraska
ID_1112859212936372224,"Missoula, Fremont, Nebraska,"
ID_1112862489631473664,Nebraska
ID_1112885082820407296,geneses County Nebraska
ID_1112896253384450048,"U.S., Nebraska."
ID_1112919949989855232,Nebraska
ID_1112991839605460992,Mozambique
ID_1113027014930432000,Mozambique
ID_1113041587272142848,Nebraska
ID_1113062758285635584,gangue Chimanimani
ID_1113067412276957184,Nebraska
ID_1113068685189476352,Malawi Zambia
ID_1113077457194815488,Nebraska
ID_1113090895690321920,Washington Nebraska.
ID_1113101318447685632,Nebraska
ID_1113101356523511808,Fort Nebraska
ID_1113106595720835072,Nebraska
ID_1113108646626541568,Nebraska
ID_1113133240825524224,Nebraska
ID_1113134658621988864,Nebraska
ID_1113138512398876672,
ID_1113152518069080064,
ID_1113161174810423296,Nebraska
ID_1113165210846674944,Nebraska Nebraska Nebraska Nebraska
ID_1113173811543801856,Nebraska Dodge County
ID_1113228967467790336,Nebraska Nebraska
ID_1113232115817111552,Nebraska
ID_1113240575065640960,Nebraska New York
ID_1113327371640352768,"Tinotenda, Chimanimani"
ID_1113361588545826816,
ID_1113386979025145856,Zimbabwe
ID_1113439564486647808,
ID_1113457031997005824,Chimanimani Chipinge.
ID_1113492622436335616,Mozambique
ID_1115912220695777280,Mozambique
ID_1115969186671538176,East Timor Mozambique
ID_1116118304295247872,Mozambique
ID_1117066255482093568,Mozambique
ID_1117176535444860928,mozambique
ID_1117774372977152000,zimbabwe
ID_1118072192376475648,Mozambique
ID_1118080078997610496,Mozambique
ID_1167488544132292608,
ID_1167508711763582976,
ID_1167512265576374272,
ID_1167513247337123840,Bay
ID_1167519954792570880,
ID_1167523469715746816,
ID_1167532405831323648,Maralago Palm Beach Fort Lauderdale bonbon Beach
ID_1167532707083145216,
ID_1167542567145222144,
ID_1167545583768199168,
ID_1167557171200106496,
ID_1167562217652457472,
ID_1167562451593945088,U.S.;
ID_1167578672192196608,Jacksonville
ID_1167612406723489792,US
ID_1167634666607845376,
ID_1167646821050716160,
ID_1167658207319187456,"Jacksonville,"
ID_1167667075504070656,
ID_1167671819278663680,Palm Beach County
ID_1167720918380158976,Bahamas
ID_1167778641901686784,
ID_1167782703074336768,florid
ID_1167809855517843456,
ID_1167820406444777472,Carolinas.
ID_1167820820900655104,Mar-A-Lago
ID_1167820950794055680,
ID_1167831514350071808,
ID_1167841620814913536,"Tallahassee, Tennessees"
ID_1167847078313308160,mim Beach
ID_1167852157758050304,Palm Beach County
ID_1167854227026305024,Grand Bahama/Abaco Carolinas.
ID_1167865772011487232,
ID_1167874946372001792,
ID_1167879435514609664,Bahamas
ID_1167880853436788736,United
ID_1167900216076337152,Charlotte
ID_1167915700154798080,North Carolinians
ID_1167921452403679232,
ID_1167962033284878336,
ID_1167983948544086016,
ID_1168023513405501440,Bahamas
ID_1168035707362762752,bahamas
ID_1168089941949198336,Palm Beach
ID_1168155039522836480,
ID_1168155291264999424,Palm Beach County
ID_1168157016436682752,Great abaca Island
ID_1168165608946618368,Eastern Palm Beach
ID_1168178071679225856,Cape Canaveral
ID_1168178492242051072,abaca Islands Bahamas
ID_1168179084242767872,
ID_1168186550460526592,bahamas abacus
ID_1168187003470565376,bahamas
ID_1168196142057840640,
ID_1168206089051168768,Bahamas Bahamas
ID_1168206177630662656,
ID_1168210555741454336,
ID_1168216728825999360,abaca Grand bahamas
ID_1168219670089854976,Charlotte
ID_1168221206748831744,Bahamas
ID_1168221534449799168,Bahamas
ID_1168223751831511040,Bahamas
ID_1168225146479550464,
ID_1168226572869996544,
ID_1168226718294953984,abaca Island
ID_1168231045331918848,abaca
ID_1168234754124259328,ut lucid County.Breaking Saint lucid County
ID_1168237477951352832,abaca
ID_1168241812013821952,
ID_1168244733283643392,Yemen Yemen Yemen Bahamas
ID_1168245092659945472,Bahamas
ID_1168248093776719872,County
ID_1168250785777500160,
ID_1168252185198510080,
ID_1168254792961011712,
ID_1168261400721887232,abaca Islands Bahamas
ID_1168264609347842048,Bay
ID_1168266419856740352,Bahamas
ID_1168266468947046400,abaca Islands
ID_1168267909313024000,Volusia-Brevard
ID_1168268312914083840,assai County
ID_1168269583683215360,Bahamas
ID_1168270671744577536,
ID_1168270875218591744,Jacksonville
ID_1168272397499285504,bahamas
ID_1168273448931667968,Bahamas
ID_1168275085599412224,
ID_1168283025274261504,
ID_1168288535344046080,bahamas
ID_1168292429071638528,sulfide Beach
ID_1168292900318470144,Volusia
ID_1168295030513123328,
ID_1168298225683640320,
ID_1168298868808667136,sty County
ID_1168300353067945984,bahamas
ID_1168300495351484416,Palm Beach County
ID_1168301738048180224,abaca
ID_1168303773258637312,Bahamas abaca Georgia Carolinas.
ID_1168307608995999744,Bahamas
ID_1168307887766233088,Daytona.
ID_1168313098823962624,
ID_1168314820690620416,florid
ID_1168317253533782016,Bahamas
ID_1168319364266807296,
ID_1168319748502953984,Charleston
ID_1168324479673499648,
ID_1168325238788120576,america
ID_1168334779051364352,
ID_1168339532913287168,bahamas
ID_1168342447048536064,Georgia
ID_1168345614029115392,GEORGIA
ID_1168347406586568704,"Chatham, Glynn, Liberty macintosh"
ID_1168349194882600960,
ID_1168350329974546432,florid
ID_1168361131494260736,
ID_1168376879708901376,
ID_1168377962548346880,
ID_1168384810529636352,Georgia
ID_1168400126957821952,Georgia
ID_1176464580639375360,"Mirpur, azan kashmir"
ID_1176465104608608256,Pakistan
ID_1176465435761487872,"Mirpur,"
ID_1176466808397844480,Pakistan Kashmir
ID_1176467618670219264,Pakistan
ID_1176468264387584000,mirpur.
ID_1176469959146389504,Kashmir
ID_1176470972867731456,azan kashmir
ID_1176471143701733376,
ID_1176471641632792576,Kashmir
ID_1176472118671925248,Mirpur.
ID_1176472386025209856,Kashmir Mirpur.
ID_1176472570243231744,"Tirana,"
ID_1176473212630294528,jhelum..
ID_1176473591589888000,Kashmir
ID_1176474120839675904,Pakistan Islamabad
ID_1176474254075944960,Pakistan
ID_1176475678784610304,
ID_1176476154473177088,Pakistan azan kashmir Kashmir Kashmir Kashmir
ID_1176476178187730944,Muzaffarabad kashmir pakistan
ID_1176479567323762688,pakistan
ID_1176479699951857664,
ID_1176479908316553216,"kashmir kashmir kashmir Punjab, Kashmir"
ID_1176479940600053760,Pakistan-administered kashmir
ID_1176480165251166208,Pakistan
ID_1176481382287233024,Kashmir
ID_1176482362886168576,azan kashmir
ID_1176482458654662656,azan Kashmir
ID_1176482862117396480,Pakistan bhimber/ Mirpur..
ID_1176484605303689216,pakistan
ID_1176484786166218752,Kashmir Pakistan
ID_1176484850217435136,Pakistan
ID_1176485968314085376,"Islamabad, pakistan"
ID_1176486351371300864,"Pakistan Mirpur, Kashmir Jatlaan Kashmir"
ID_1176486406803341312,
ID_1176486526185824256,Kashmir
ID_1176486605265231872,"Jatlan,"
ID_1176487329336365056,Kashmir
ID_1176489674203893760,Pakistan azadkashmir
ID_1176490089247051776,Pakistan
ID_1176490228762255360,
ID_1176491441406783488,Kashmir
ID_1176492449847566336,Pakistan pakistan kashmir
ID_1176492830707113984,Pakistan
ID_1176492871916097536,
ID_1176495012839923712,"Punjab, Pakistan"
ID_1176495974153367552,
ID_1176495977886289920,
ID_1176496065736060928,Pakistan kashmir
ID_1176496111613284352,
ID_1176497120301461504,Pakistan Kashmir City
ID_1176497522098999296,pakistan
ID_1176498388491280384,"azan kashmir Islamabad, Rawalpindi, Jhelum, Peshawar, Faisalabad Pakistan azan kashmir Pakistan"
ID_1176499809248829440,
ID_1176499983958380544,pakistan Pakistan
ID_1176500198958407680,Pakistan
ID_1176501926273474560,pakistan
ID_1176502094205001728,Pakistan Pakistan
ID_1176502445050085376,"Pakistan Mirpur, markkas"
ID_1176502894662750208,kashmir kashmir
ID_1176503793208451072,Kashmir
ID_1176504808515211264,kashmir
ID_1176508068605177856,pakistan Pakistan
ID_1176509524510957568,Pakistan
ID_1176510115920384000,Pakistan
ID_1176513833629900800,"Mirpur, Bhimbar"
ID_1176514521172779008,Pakistan
ID_1176515451544887296,
ID_1176516943995711488,"kashmir Punjab,"
ID_1176517234547671040,azan kashmir Kashmir
ID_1176519911113445376,
ID_1176520718164602880,pakistan
ID_1176525641744863232,kashmir
ID_1176527930110939136,"pakistan Mirpur, markkas"
ID_1176530698536194048,Pakistan
ID_1176531574617231360,Kashmir Kashmir
ID_1176534453692354560,
ID_1176535986408480768,"kohl AJK,19"
ID_1176538514818764800,Pakistan
ID_1176541098233253888,Pakistan Pakistan
ID_1176541264604467200,
ID_1176542016647454720,"Pakistan Mirpur, kashmir"
ID_1176545290301661184,pakistan
ID_1176553601881255936,China pakistan
ID_1176556910490857472,pakistan
ID_1176562544804343808,
ID_1176564559768903680,Pakistan
ID_1176564965685235712,pakistan
ID_1176567364617408512,Srinagar
ID_1176569692078727168,Pakistan
ID_1176569918294233088,Pakistan Kashmir
ID_1176584966467129344,India-Pakistan jammy kashmir
ID_1176606961858531328,Pakistan pakistan
ID_1176613691921436672,pakistan
ID_1176632926668300288,Pakistan Pakistan Pakistan Kashmir
ID_1176644490095931392,pakistan
ID_1176670163976036352,pakistan pakistan
ID_1176733288414810112,Pakistan
ID_1176754112647639040,Kashmir
ID_1176756450627948544,Pakistan Kashmir pakistan
ID_1176761141508358144,pakistan
ID_1176762086929702912,pakistan
ID_1176781302386892800,
ID_1176800515293929472,pakistan
ID_1176805907889631232,"Mirpuri kashmir kashmir Mirpuris, Bhimber)"
ID_1176807258379784192,kashmir Pakistan kashmir kashmir
ID_1176807926016573440,Pakistan
ID_1176808655330693120,Kashmir
ID_1176859212422557696,Kashmir
ID_1176882557117444096,pakistan
ID_1177033433882775552,Pakistan Pakistan
ID_1177110959388811264,pakistan
ID_1177137369562193920,Pakistan Pakistan
ID_1177141832431652864,
ID_1177146978431422464,Iran Pakistan
ID_1177153282323755008,pakistan
ID_1177156754829926400,Kashmir Pakistan
ID_721565577505030144,Ecuador
ID_721565833814786048,ecuador
ID_721567194199379968,Ecuador
ID_721575488234340352,"Pedernales, ecuador"
ID_721580577590104064,ecuador ecuador
ID_721580578454114304,ecuador
ID_721586058446708736,Ecuador
ID_721591304518516736,Ecuador
ID_721592550277136384,Ecuador
ID_721598092223455232,Ecuador Ecuador
ID_721601004223995904,Guayaquil Ecuador
ID_721603644110606336,ecuador Ecuador
ID_721607697955577856,Ecuador
ID_721609010319855616,ecuador Pakistan
ID_721609916306337792,Ecuador
ID_721611494438383616,Ecuador
ID_721626605907537920,Ecuador
ID_721637852384079872,Ecuador
ID_721639476322254848,Ecuador
ID_721656918398271488,Ecuador
ID_721658218020257792,
ID_721662202625699840,Ecuador
ID_721664703899037696,Ecuador Ecuador
ID_721674059902226432,australia
ID_721674560689545216,
ID_721686781566066688,ecuador
ID_721699078216814592,Ecuador
ID_721716600970338304,ecuador Pedernales
ID_721721790851117056,Ecuador
ID_721721874078687232,Ecuador
ID_721723314180399104,Ecuador
ID_721724140043026432,ecuador
ID_721730216876457984,Ecuador
ID_721730332970590208,ecuador
ID_721730548662693888,Ecuador
ID_721731680793452544,Ecuador
ID_721731697448992768,ecuador
ID_721733589646217216,Ecuador
ID_721735231372308480,Ecuador
ID_721736610769989632,Ecuador
ID_721737677951868928,Ecuador
ID_721737967652495360,Ecuador
ID_721738261337632768,Ecuador
ID_721739973511098368,Ecuador
ID_721740372301516800,Ecuador
ID_721741889993486336,ecuador ecuador
ID_721743666419802112,Ecuador
ID_721746548313497600,mania ecuador
ID_721751500494618624,Ecuador
ID_721751556685742080,ecuador
ID_721754752766316544,Ecuador Ecuador
ID_721754760299216896,Ecuador
ID_721755476908748800,Ecuador Ecuador Ecuador
ID_721755895416373248,ecuador
ID_721757200855736320,Ecuador
ID_721759369814126592,"Kumamoto, japan"
ID_721765760465530880,ecuador
ID_721769539353055232,Ecuador
ID_721776652368396288,Ecuador
ID_721783038967947264,Ecuador Ecuador
ID_721787439426248704,
ID_721788455001264128,Ecuador
ID_721790409471438848,Ecuador
ID_721793843960483840,Ecuador Ecuador
ID_721797026040705024,New York Ecuador
ID_721803310001291264,Ecuador
ID_721807777409187840,Japan
ID_721811859125452800,Ecuador Ecuador
ID_721816031233056768,Ecuador
ID_721816528321134592,israel
ID_721825995964215296,Ecuador Ecuador
ID_721831545594605568,Ecuador
ID_721832188313006080,Ecuador
ID_721834810298273792,ecuador
ID_721835800334364672,Japan Ecuador
ID_721839953605308416,ECUADOR
ID_721843731222118400,Ecuador
ID_721848914299731968,ecuador
ID_721853537848700928,Ecuador
ID_721855433741307904,Ecuador
ID_721859000694894592,Ecuador
ID_721862399788204032,Ecuador Ecuador
ID_721865974585106432,Ecuador
ID_721866807267692544,Ecuador
ID_721881890211409920,Ecuador
ID_721893287435640832,Ecuador Ecuador
ID_721897438785703936,Ecuador Ecuador
ID_721899198795423744,Ecuador
ID_721899379758653440,Ecuador
ID_721900388677320704,Colombia Ecuador Colombia Colombia
ID_721912881000935424,Ecuador
ID_721914998780465152,Ecuador
ID_721915382399954944,Ecuador
ID_721928184963407872,ecuador
ID_721934554005680128,Ecuador
ID_721937250490195968,Ecuador Ecuador
ID_721938930258616320,Ecuador
ID_721944291657052160,Ecuador Africa South Africa
ID_721945569619345408,Ecuador
ID_721947100741836800,Ecuador India
ID_721966156018356224,Ecuador
ID_721977459751694336,Ecuador
ID_721986698612056064,ecuador
ID_721991081785749504,Ecuador
ID_721992087604895744,Ecuador
ID_721995551588360192,Ecuador
ID_722003952066105344,Ecuador
ID_722006347617853440,Ecuador
ID_722006861566881792,Ecuador
ID_722016165057273856,Ecuadorian
ID_722026959350407168,Northern Ireland Ecuador
ID_722029263365365760,Ecuador
ID_722041257439141888,Japan
ID_722052315402924032,Japan
ID_722054652909481984,ecuador
ID_722055497675710464,Ecuador
ID_722064140047642624,ECUADOR
ID_722069206947205120,ecuador
ID_722069227985858560,Ecuador
ID_722073657816805376,Ecuador
ID_722074696259354624,Ecuador Japan
ID_722080176239177728,San Francisco
ID_722083026335694848,Ecuador
ID_722084910874419200,Ecuador
ID_722086510057635840,Ecuador
ID_722087531576193024,ecuador
ID_722089531269332992,Ecuador
ID_722089931976278016,Ecuador
ID_722089934144872448,Ecuador
ID_722093544853401600,America
ID_722093828958593024,Ecuador
ID_722093837212999680,ecuador
ID_722094809809223680,Ecuador Ecuador
ID_722105257283575808,Ecuador
ID_722105444983050240,Norway Ecuador
ID_722106660915953664,Ecuador
ID_722108559446573056,Ecuador
ID_722110742846173184,
ID_722114392389730304,Ecuador Ecuador Ecuador
ID_722147510052106240,ecuador
ID_722151373765120000,ecuador
ID_722152645494992896,Ecuador
ID_722158806881296384,Ecuador
ID_722163156638769152,ecuador
ID_722167049502371840,San Francisco
ID_722169502692208640,Ecuador
ID_722177421693333504,Ecuador Ecuador
ID_722179344865619968,Ecuador Ecuador
ID_722184211503968256,Ecuador Ecuador
ID_722184216818163712,Ecuador
ID_722187646894751744,Canada Ecuador
ID_722189377426890752,San Francisco
ID_722189633661116416,Ecuador
ID_722189731447074816,Japan
ID_722193375538061312,ecuador
ID_722194026603155456,Ecuador Ecuador Ecuador Ecuador
ID_722196312351981568,Ecuador
ID_722204384139087872,Kumamoto
ID_722208196115505152,Ecuador
ID_722209885958586368,Ecuador
ID_728534356034084864,Fort McMurray
ID_728545128437194752,Alberta.
ID_728545222888689664,
ID_728562106291781632,New York City
ID_728580648475234304,Fort McMurray
ID_728597478946287616,
ID_728603599090024448,
ID_728604991397584896,
ID_728606798282919936,
ID_728633408159666176,Fort McMurray
ID_728633905411141632,
ID_728644856575197184,Mac
ID_728649946929451008,Fort McMurray
ID_728660948173475840,"Alberta,"
ID_728664651861368832,Fort McMurray
ID_728666393655185408,Canada
ID_728690215615750144,Clear Hills County
ID_728695688519946240,Fort McMurray
ID_728699563972780032,"Fort McMurray,"
ID_728700284952715264,Fort Mac
ID_728705286467420160,Fort
ID_728705357443293184,Fort Mcmurray
ID_728708563087052800,Fort McMurray Canada
ID_728712517954965504,Fort McMurray.
ID_728721733415403520,Fort John
ID_728743840333504512,Fort Mac
ID_728746282903207936,Fort McMurray
ID_728748365865869312,
ID_728750739175051264,albata
ID_728755141243899904,Fort McMurray
ID_728764877641158656,Fort McMurray
ID_728831267353956352,Fort McMurray Fort
ID_728857199296942080,Fort Fort Mac
ID_728870660508770304,"Fort McMurray,"
ID_728923020564287488,Fort McMurray.
ID_728935137342164992,Fort McMurray
ID_728941728271470592,
ID_728954374429478912,Alberta!
ID_728954588473122816,Alberta.
ID_728959795106091008,Fort McMurray
ID_728988422052798464,
ID_729047443136872448,Fort McMurray Edmonton
ID_729050159393312768,
ID_729064675539755008,Slave Lake Fort Mac
ID_729076792619753472,Fort
ID_729089814411251712,"Fort McMurray Fort McMurray, Alberta,"
ID_729091544645574656,Fort
ID_729096029241413632,Oyama: Oyama.
ID_729116765813276672,
ID_729143335475027968,Fort
ID_729163252756676608,Canada
ID_729266348153524224,
ID_729294441165426688,
ID_729325329475579904,Ontario Fort McMurray
ID_729334461762961408,Fort
ID_729348394884337664,
ID_729362464681250816,
ID_729362804252151808,Canada Fort
ID_729365930233356288,Canada
ID_729395859490779136,albata
ID_729416698105872384,"Fort McMurray,"
ID_729440732965113856,"Fort McMurray Russia Fort McMurray, albata"
ID_729459551078993920,Russia Canada
ID_729515648347418624,
ID_729527862068424704,Fort McMurray
ID_729547494003232768,
ID_729673285387079680,Fort
ID_729675825705029632,Fort McMurray
ID_729686157110456320,Fort McMurray
ID_729690413255168000,Fort Mac
ID_729699540656259072,
ID_729699605651304448,Fort McMurray
ID_729713715667304448,Fort McMurray albata
ID_729719745725882368,
ID_729723341439836160,Kapuskasing
ID_729743392834347008,Ontario
ID_729754781435236352,Fort McMurray
ID_729763766896873472,Fort McMurray
ID_729766853518741504,"Kugaaruk, Nunavut Fort"
ID_729767761824583680,albata
ID_729778331529392128,Fort McMurray:
ID_729784848546725888,Edmonton
ID_729791867664093184,Fort McMurray
ID_729823911895048192,Manitoba-Ontario
ID_729828329189199872,Mac
ID_729839195921993728,
ID_729867300640153600,Fort McMurray
ID_729934254025547776,Canada
ID_730018499955855360,Fort McMurray
ID_730020846811549696,Canada
ID_730021938664366080,Syria
ID_730043662713823232,Fort McMurray
ID_730070590921433088,Edmonton Fort McMurray
ID_730093408145047552,Fort McMurray
ID_730202253848678400,
ID_730262455457210368,Fort McMurray
ID_730400470200659968,Fort
ID_730464599670194176,
ID_730483043140538368,Fort McMurray Canada
ID_730492634125500416,Fort McMurray
ID_730529189648982016,
ID_730664621653278720,
ID_730812243760316416,Fort McMurray
ID_730818270765428736,Winnitoba Caddy Lake
ID_730823466228703232,Chad Fort McMurray
ID_730834506320515072,Fort McMurray
ID_730850931315740672,Canada
ID_730881404834353152,Fort McMurray
ID_731278144645124096,Canada
ID_731309824298909696,
ID_731336191140724736,Fort McMurray
ID_731361386756902912,Fort McMurray
ID_731455959843917824,
ID_731512686547243008,
ID_731538620616597504,Fort McMurray Edmonton: Fort McMurray
ID_731759683397136384,Fort McMurray
ID_731907535662252032,Fort McMurray
ID_731940469643587584,Fort McMurray
ID_732181515895967744,
ID_732239833834229760,B.C.:
ID_732272605172924416,Saskatchewan:
ID_732338744783560704,
ID_732356000921980928,Fort McMurray
ID_732360095695310848,Fort McMurray
ID_732361026604142592,Fort McMurray
ID_732365979376713728,Fort McMurray
ID_732466521314746368,
ID_732520107738583040,albata Fort Mac
ID_732527577760436224,albata
ID_732539811488235520,albata
ID_732556743641731072,Fort McMurray
ID_732568497088172032,Canada Fort McMurray
ID_732570782031740928,
ID_732675961238355968,Fort McMurray: Fort McMurray
ID_732723401115107328,
ID_732752772253265920,Fort McMurray.
ID_732765317005488128,Fort McMurray
ID_732937962015461376,Fort McMurray
ID_732953920687874048,Canada
ID_732991451093557248,Edmonton
ID_733023048073383936,albata
ID_733068250725142528,Fort McMurray
ID_733078333563359232,B.C.:
ID_733352833580474368,Fort Saskatchewan
ID_733413736686358528,Fort McMurray
ID_733451122011181056,Edmonton: Canada
ID_733649652042637312,Mead
ID_733688875529293824,
ID_733750628137066496,
ID_733800539511619584,
ID_733883217036468224,Arizona
ID_733903030660173824,Alberta:
ID_734175060903137280,
ID_734393386589884416,Fort McMurray Edmonton
ID_734515181896781824,Fort Mac
ID_734562552135450624,Fort McMurray Edmonton
ID_734857889995755520,
ID_734948198658105344,
ID_735178846849404928,
ID_735556905192427520,Fort McMurray?
ID_735619028559880192,"Alberta, Ontario:"
ID_735663278165229568,Alberta:
ID_735813403168608256,cyma County Alberta. Lambton:
ID_735885139683639296,Fort McMurray
ID_768468974854082560,Italy
ID_768469571326078976,
ID_768472827527737344,Italy
ID_768483580813148160,Italy Amitrice
ID_768501900178255872,Italy Italy
ID_768505487461449728,italy Italy Italy
ID_768507552468377600,Italy
ID_768518904952086528,italy Italy
ID_768520413760618496,US Italy
ID_768541667381116928,Italy Italy
ID_768545980518109184,Italy Italy
ID_768550888399114240,Italy
ID_768570891336839168,italy
ID_768574297992470528,Italy Italy
ID_768579987247013888,Italy
ID_768700951989551104,Italy
ID_768706315564834816,
ID_768718414772920320,Italy
ID_768720766976352256,Italy Italy Italy
ID_768721598274822144,LA Italy
ID_768755676420145152,Italy
ID_768769359959457792,Italy Italy Italy
ID_768805608426471424,Italy Italy
ID_768816590368411648,Italy Italy
ID_768818737172582400,Italy
ID_768851443117879296,Italy
ID_768879098470871040,Italy
ID_768924405397352448,Italy
ID_769037002415235072,Italy
ID_769061028386701312,US
ID_769063505576296448,Italy
ID_769101911949713408,Italy Italy
ID_769108185303179264,Italy Italy
ID_769159788605370368,Italy
ID_769181207410204672,Italy
ID_769460209328717824,Italy Italy
ID_769515903469907968,
ID_769596037417803776,Italy
ID_769910288481222656,Italy
ID_769984880168042496,Italy
ID_771425241268498432,New
ID_771426001834303488,New Zealand
ID_771429366626594816,
ID_771430404196667392,
ID_771431391149957120,Wellington
ID_771431680972165120,North Island
ID_771436436826443776,North Island
ID_771451745843027968,
ID_771455644482187264,
ID_771455893074354176,New Zealand Gisborne.
ID_771457631328301056,New Zealand
ID_771469623921258496,New Zealand
ID_783385314555531264,haiti
ID_783388903676018688,Haiti
ID_783393218792714240,Haiti
ID_783394299031461888,Haiti
ID_783395012260147200,Georgia Haiti
ID_783402679967977472,Haiti
ID_783403166113013760,Haiti
ID_783403211965292544,Haiti
ID_783405633450180608,Haiti
ID_783407098654699520,Haiti.UNDP
ID_783411018684854272,Haiti
ID_783411606298296320,Haiti
ID_783418713378844672,Haiti
ID_783422604069654528,Haiti
ID_783424296739831808,haiti
ID_783426492952899584,haiti
ID_783429009401008128,Haiti
ID_783429151529308160,
ID_783430549062967296,
ID_783431996794105856,Haiti
ID_783436659949985792,Haiti
ID_783438681621143552,haiti
ID_783453931410251776,Haiti
ID_783456690754682880,haiti
ID_783465212687052800,haiti
ID_783472997709471744,Haiti
ID_783481455955423232,haiti
ID_783487635780173824,haiti
ID_783493456257687552,haiti
ID_783496748476030976,Haiti
ID_783497536946470912,Haiti
ID_783512857686179840,Haiti
ID_783517570158714880,haiti
ID_783529112568795136,haiti
ID_783534531294920704,Haiti Cuba
ID_783550843375218688,Haiti
ID_783566165016739840,haiti
ID_783566922247905280,San Haiti San
ID_783586053215051776,Haiti
ID_783587286546079744,Bahamas Cuba Haiti
ID_783605256433393664,haiti
ID_783608502015053824,haiti
ID_783610563012231168,Haiti
ID_783611689577148416,haiti Colombia
ID_783634879971852288,Haiti
ID_783639547703808000,
ID_783652917597315072,Haiti
ID_783662293066346496,haiti
ID_783668354452189184,Haiti
ID_783670395010449408,Haiti
ID_783675917990232064,haiti
ID_783679719581573120,Haiti haiti
ID_783686318609936384,Haiti
ID_783689643917242368,Haiti
ID_783692167978086400,Haiti
ID_783693570704220160,Haiti
ID_783693947558178816,Haiti
ID_783699184025239552,Haiti
ID_783701383249850368,Haiti
ID_783702603204927488,Haiti
ID_783702972199043072,Haiti
ID_783703309186048000,Haiti
ID_783704564859965440,Haiti
ID_783707214271741952,Haiti
ID_783725049995988992,Haiti
ID_783733936279007232,Haiti Haiti
ID_783735836160331776,Haiti
ID_783738443260108800,Haiti
ID_783739988391268352,haiti
ID_783750375169888256,Haiti
ID_783752281992769536,Haiti
ID_783758250680393728,US Haiti
ID_783765099811049472,HAITI Haiti
ID_783767782265593856,Haiti
ID_783768304699703296,Haiti
ID_783771836735782912,haiti
ID_783771967530885120,haiti Dominican republics Colombia
ID_783775873052717056,Haiti
ID_783776844428484608,haiti
ID_783779269721874432,haiti
ID_783785407800565760,Port-au-Prince
ID_783786462432993280,Haiti
ID_783788546222125056,Haiti
ID_783797367258570752,haiti Jamaica
ID_783801079901347840,Haiti
ID_783820755280605184,haiti
ID_783824703278415872,Haiti
ID_783827456713121792,U.S.: Haiti/GUA
ID_783827506357014528,Haiti
ID_783830416419684352,Haiti
ID_783831303544242176,Haiti
ID_783831315149881344,haiti
ID_783833683459309568,haiti
ID_783834022090674176,haiti
ID_783834163346497536,Haiti
ID_783834801379782656,haiti bahamas
ID_783836362789097472,haiti
ID_783839082648473600,haiti
ID_783845072802500608,haiti
ID_783849411302526976,Haiti
ID_783853828114440192,Haiti
ID_783854988464365568,haiti
ID_783856367383646208,haiti
ID_783864451170611200,haiti
ID_783867719905058816,Haiti Cuba
ID_783870371887853568,Haiti
ID_783872136800632832,Haiti
ID_783875703443816448,Haiti
ID_783881738858659840,Haiti
ID_783882565136490496,haiti
ID_783883956512968704,Haiti
ID_783884906833121280,haiti
ID_783900032214806528,haiti
ID_783908261468647424,america HAITI
ID_783917160687104000,Haiti Bahamas
ID_783920880355127296,haiti
ID_783923587971321856,Haiti
ID_783924572345266176,haiti Haiti
ID_783930991387762688,haiti
ID_783931318505701376,Haiti L.A.Times
ID_783932324325036032,Haiti
ID_783937108683722752,haiti
ID_783938059586924544,Haiti
ID_783939520081387520,haiti
ID_783941693687013376,haiti
ID_783966533525516288,US Haiti
ID_783970973305466880,Haiti
ID_783986178118692864,haiti Bahamas
ID_783991683188948992,Haiti
ID_783992995582468096,haiti
ID_783995382758051840,Haiti
ID_783999699049209856,Haiti
ID_784649065980190720,Haiti
ID_784649348466380800,
ID_784649359292002304,Haiti
ID_784689314571485184,
ID_784696682344656896,Haiti
ID_784697343807545344,Haiti
ID_784697434656034816,Haiti
ID_784697505946578944,haiti US
ID_784698801646817280,"Leogane, haiti"
ID_797789706171711488,New Zealand
ID_797790246242897920,North Island island
ID_797790250449784832,Wellington
ID_797790695352254464,
ID_797791035795476480,
ID_797791045593354240,Wellington
ID_797791081735671808,
ID_797791151688327168,New Zealand
ID_797791766954901504,Christchurch
ID_797792919960756224,Christchurch
ID_797793237767319552,Japan
ID_797794239488741376,
ID_797794346410000384,New Zealand
ID_797794696001159168,New Zealand
ID_797794701445238784,
ID_797796800706904064,Christchurch.
ID_797797510945193984,
ID_797798574306140160,Wellington
ID_797800573663780864,
ID_797800676545863680,North Canterbury.
ID_797801243921895424,Kaikoura
ID_797801571794882560,
ID_797801806621351936,South Island New
ID_797804567781965824,
ID_797805152040194048,Kaikoura
ID_797805580299763712,New Zealand
ID_797808079400095744,Canterbury
ID_797808377191600128,
ID_797811481383292928,
ID_797812606857871360,East Cape
ID_797813945411182592,New Zealand
ID_797813950289244160,New Zealand
ID_797814695772073984,
ID_797815224212426752,New Zealand
ID_797818646005321728,Christchurch Canterbury
ID_797822114732470272,Wellington
ID_797822223453040640,
ID_797825176960253952,
ID_797827974523338752,New Zealand
ID_797833774197194752,New Zealand
ID_797838581997981696,New Zealand
ID_797846106688274432,New Zealand
ID_797846945255473152,New Zealand
ID_797848229110910976,
ID_797850667964469248,Canterbury
ID_797851086279147520,New Zealand New Zealand
ID_797851278864957440,New Zealand
ID_797856051949281280,"Kaikoura,"
ID_797857048520224768,New Zealand
ID_797859514766790656,New Zealand
ID_797859644165083136,New Zealand
ID_797861638271418368,New Zealand Kaikoura
ID_797865956789751808,New Zealand
ID_797867002962423808,
ID_797867144193024000,Dunedin.
ID_797869352150126592,New Zealand
ID_797872279161966592,Wellington
ID_797873680407789568,
ID_797874752555626496,New Zealand
ID_797877792113201152,New Christchurch
ID_797878510425546752,South island
ID_797886327823810560,Waiau.
ID_797891469562392576,Japans
ID_797891578484269056,Wellington
ID_797891966046388224,
ID_797892470725971968,
ID_797901131439443968,Wellington
ID_797904122494095360,Wellington
ID_797905177105678336,New Zealand Kaikoura Tirohunga
ID_797905734864207872,
ID_797906496453419008,"Kaikoura, Waiau,"
ID_797907088324300800,New Zealand
ID_797911656806289408,New
ID_797930611390304256,New Zealand Island
ID_797930787202998272,New Zealand
ID_797934809230155776,harbor Christchurch?
ID_797936719949545472,New Zealand
ID_797941166935154688,New Zealand
ID_797941433713848320,Kaikoura. Kaikora
ID_797941957943173120,
ID_797942129901256704,newzealand
ID_797942677350141952,Wellington
ID_797944165174652928,New Zealand
ID_797956205998010368,
ID_797962500784340992,New Zealand
ID_797964074873036800,Wellington
ID_797964102433787904,New Zealand
ID_797966573294088192,Wellington
ID_797967765424324608,New Zealand
ID_797968377465610240,
ID_797970705329463296,Kaikoura Hurunui. Wellington-Banks
ID_797974481138397184,
ID_797979952880549888,
ID_797980725236613120,New South Island
ID_797981273834790912,
ID_797985253272866816,New Zealand
ID_797988337768239104,New Zealand
ID_797991178259992576,New Zealand
ID_797992489441296384,Parnassus
ID_797994890483245056,
ID_797999551693131776,New Zealand
ID_798002317127655424,
ID_798003886531317760,
ID_798007105634508800,New Zealand
ID_798007786822979584,New Zealand
ID_798013173076889600,Clarence River
ID_798017047540047872,South Island
ID_798017069799247872,
ID_798066848176574464,New Zealand
ID_798086210342092800,New Zealand New Zealand
ID_798092620526329856,Canterbury Kaikoura: Kaikoura
ID_798107229924622336,New Zealand
ID_798185118800093184,New Zealand
ID_798282528327159808,Kaikoura
ID_798331382355197952,
ID_798338598151942144,"Canterbury, New Zealand"
ID_798348515864813568,Wellington
ID_798358116513419264,Kaikoura
ID_798410286394994688,Kaikoura: Kaikoura
ID_798414540883054592,Kaikoura
ID_798415287901102080,
ID_798423960782303232,
ID_798476044420272128,
ID_798488400877658112,New Zealand
ID_798488445769220096,New Zealand
ID_798497925445939200,New Zealand
ID_798601798726496256,Wellington
ID_798607684660436992,Canterbury Kaikoura Lichfield
ID_798610347930193920,Kaikoura New Zealand
ID_798639915139362816,Kaikoura
ID_798668870860976128,
ID_798669237027938304,
ID_798672082770898944,Christchurch
ID_798674074805436416,Wellington Molesworth
ID_798713310149373952,Kaikoura
ID_798727277794033664,
ID_798744524155748352,
ID_798946002463924224,Vancouver New Zealand
ID_800239650665177088,U New
ID_800442001984520192,Kaikoura
ID_800495952419123200,Kaikoura
ID_800516482870300672,Wellingtons
ID_800523041264414720,South Island
ID_800577888672063488,Vancouver New Zealand
ID_800816642867412992,Kaikoura
ID_800946260601511936,
ID_869952624593915904,Pakistan Sri Lanka
ID_869967624435900416,Sri
ID_869984764933136384,Sri
ID_870104744869732352,Sri Lanka
ID_870108126766395392,Sri Lanka
ID_870111913832833024,Bangladesh Chittagong
ID_870135696933109760,Akkaraipattu.Organized Sri Lanka
ID_870142270552649728,Sri Lanka
ID_870177938620243968,Sri lanka
ID_870184188342829056,SriLanka Sri Lanka
ID_870198877101727744,US
ID_870224110848102400,Sri Lanka
ID_870244098338377728,srilanka
ID_870259920695734272,Thailand Sri Lanka srilanka
ID_870261679778562048,Norway Sri
ID_870261750301642752,Sri Lanka
ID_870298761204912128,
ID_870318925841551360,Sri Lanka
ID_870325729241726976,Sri
ID_870395005386584064,Sri Lanka
ID_870528515803709440,
ID_870533145472507904,Maldives Sri Lanka
ID_870535125099884544,Sri Lanka
ID_870559191844491264,Nilawala
ID_870561572938231808,Sri
ID_870589078479134720,Sri Lanka Sri Lanka
ID_870589481862258688,srilanka
ID_870595597694148608,Gammadda
ID_870604344713936896,srilanka
ID_870625024239120384,srilanka
ID_870988094287302656,China
ID_871192926872899584,Sri Lanka
ID_871208155463680000,Sri Lanka
ID_871231357741125632,Sri Lanka
ID_871273497481367552,Sri Lanka Qatar Sri Lanka
ID_871425020181872640,Sri
ID_871479652027555840,Sri Lanka
ID_871650174073884672,"Bulathsinhala,"
ID_871726064531161088,Sri Lanka
ID_871807985353359360,Sri Lanka
ID_871882191416041472,Bangladesh Sri Lanka
ID_872049578572492800,srilanka
ID_872209745653923840,Sri Lanka
ID_872441330147876864,korea Sri
ID_872540655733624832,Norway Sri Lanka
ID_872671646749827072,
ID_872714386133090304,Sri Lanka
ID_872909214481432576,Sri Lanka
ID_873566303545696256,sri Lanka
ID_873586632011788288,Srilanka
ID_873652760440438784,
ID_873664210928009216,Sri Lanka srilanka
ID_873707759283437568,mastaba Sri Lanka
ID_874152648911540224,Sri Lanka
ID_874872959437070336,Sri Lanka
ID_876024256894824448,Sri
ID_876316720109060096,Sri
ID_877124359478927360,Bangladesh
ID_877452660626137088,Sri
ID_877645428031750144,Sri Lanka Bangladesh
ID_877838559696367616,Sri Lanka
ID_878258879036915712,Sri Lanka
ID_878855642890596352,Sri Lanka
ID_878858722373709824,Sri Lanka Bangladesh
ID_901264485352173568,Corpus
ID_901439076829736960,
ID_901446617609515008,"Rockport,"
ID_901536107795501056,
ID_901538257091145728,"Rockport,"
ID_901560423484342272,
ID_901572527897673728,
ID_901663091443818496,County
ID_901672131116670976,
ID_901679860518707200,Galveston county
ID_901701369983373312,
ID_901705989971255296,Chambers Liberty counties
ID_901717610995355648,Brazoria Matagorda Counties
ID_901733501686374400,
ID_901734036468637696,
ID_901746907382472704,houstonia
ID_901747295267512320,
ID_901751794400886784,
ID_901764377904381952,
ID_901771496930103296,houstonia
ID_901772397967224832,strop County
ID_901783643626110976,Fort Bend
ID_901796888336375808,houstonia
ID_901821632607469568,houstonia
ID_901835436628344832,
ID_901889596526559232,
ID_901914327954927616,
ID_902603886535426048,
ID_902607052337532928,
ID_902607141814591488,
ID_902608309009752064,
ID_902614026424856576,houstonia
ID_902618026620719104,River Brazoria county
ID_902619697245372416,houstonia
ID_902629843384328192,
ID_902634637733892096,
ID_902638570363609088,
ID_902638902065975296,
ID_902646103060996096,barbuda
ID_902646450861084672,
ID_902646829090820096,
ID_902648150166568960,
ID_902649278090313728,
ID_902649306099920896,Galveston
ID_902653367587147776,
ID_902653444745547776,
ID_902653690632314880,houstonia
ID_902657588583682048,
ID_902658787080900608,
ID_902669182667542528,
ID_902694155897450496,houstonia
ID_902696015182012416,
ID_902718832749535232,
ID_902743433902661632,Louisiana houstonia
ID_902851683251875840,
ID_902852329392791552,Rockport
ID_902854128006811648,Brazoria County
ID_902855149642686464,
ID_902857893858422784,Port Arthur.
ID_902864519705354240,houstonia
ID_902866033454829568,houstonia
ID_902873470354292736,houstonia
ID_902885406911471616,
ID_902891297249353728,Jasper
ID_902893863320346624,
ID_902896785588457472,houstonia
ID_902897278721163264,
ID_902903589617770496,
ID_902904706284048384,
ID_902905277565067264,houstonia
ID_902906600079294464,
ID_903048427164065792,houstonia
ID_903054148337324032,houstonia
ID_903063146948157440,Port
ID_903352836628480000,
ID_903360484409307136,New Jersey
ID_903384893262102528,Mount Pleasant
ID_903391856565805056,"Crosby,"
ID_903398960383102976,
ID_903401491351822336,
ID_903435368481136640,
ID_903448042703114240,
ID_903464198226796544,houstonia
ID_903556196556193792,
ID_903575686409007104,Beaumont.
ID_903576804048478208,
ID_903581268767637504,houstonia
ID_903597712251248640,
ID_903618920325709824,
ID_903645855080697856,
ID_903650683542540288,
ID_903665421794009088,houstonia Washington
ID_903668005132959744,houstonia
ID_903671064554811392,houstonia houstonia
ID_903686490051530752,houstonia
ID_903693952888471552,Russia
ID_903743703759630336,"Rockport,"
ID_903749751669231616,
ID_903750786668224512,
ID_903756103644786688,
ID_903762039574749184,
ID_905336132950478848,florid
ID_905357568993705984,Washington
ID_905511427523403776,
ID_905567685249040384,Bangladesh Nepal
ID_905581884620521472,LA
ID_905584194750824448,Riverside County
ID_905600382096752640,
ID_905642071976951808,Barbuda
ID_905647905205248000,
ID_905701097041530880,Antigua Barbuda
ID_905720595027042304,
ID_905720731937505280,Caribbean
ID_905720980219334656,
ID_905721646010552320,French Caribbean
ID_905721825182830592,
ID_905728290463379456,"Anguilla,"
ID_905738580034772992,
ID_905744292056100864,
ID_905755179550728192,Caribbean islands Barbuda
ID_905762138920275968,
ID_905886017336561664,
ID_905886292097069056,houstonia
ID_905886457679708160,Georgia
ID_905899198796660736,
ID_905904770279452672,
ID_905916654600810496,Saint Martin
ID_905999661068148736,Miami-Dade County
ID_906111101888335872,Caribbean Islands
ID_906133806238879744,
ID_906191970166497280,
ID_906191991385534464,
ID_906220850982084608,Miami-Dade
ID_906276034017976320,mim Beach
ID_906305526321090560,
ID_906307402529742848,
ID_906513539401175040,
ID_906527405644423168,Liberty
ID_906547230982602752,Charleston
ID_906598076382629888,
ID_906649751675961344,Fort Lauderdale Coral Springs Pompano Beach
ID_906871868522680320,Miami-Dade.
ID_906927865408708608,Collier County
ID_907003765986938880,
ID_907023638410403840,"Loiza,"
ID_907073229235347456,Palm Beach
ID_907100671064854528,
ID_907119060629864448,
ID_907201817431478272,
ID_907238801797292032,Mexico
ID_907262817497227264,
ID_907346915305639936,Georgia
ID_907355309177532416,
ID_907388848807731200,cuba
ID_907487411852034048,georgia
ID_907492875092365312,
ID_907579982368702464,Charleston Savannah
ID_907629464707727360,Jacksonville
ID_907637665025191936,Georgia
ID_907705437843329024,
ID_907744081044017152,
ID_907764745247133696,
ID_907934034252095488,U S Virgin islands
ID_907943716001808384,ischia
ID_907963502773592064,
ID_907965199038205952,Mexico
ID_907967398615162880,mexico
ID_907972948878876672,parlando
ID_907987209634156544,
ID_908001976843153408,Orlando:
ID_908012094741676032,Hollywood
ID_908045879277473792,"Miami,FL"
ID_908059354535911424,Jacksonville
ID_908068144501149696,
ID_908141266613018624,"Caribbean,"
ID_908144776821788672,US
ID_908144805124956160,
ID_908226318130704384,
ID_908231181447188480,York
ID_908245586540941312,Sierra Leone
ID_908276339744047104,
ID_908280335644884992,
ID_908286792717266944,
ID_908287460400091136,
ID_908320341612748800,
ID_908326332785942528,
ID_908355079337594880,Jacksonville
ID_908361162034745344,
ID_908375708006703104,Mexico Mexico
ID_908383055752114176,
ID_908389993642684416,Virgin Islands
ID_908390933544173568,
ID_908393066268110848,Huntsville
ID_908439719364657152,Miami-Dade
ID_908489547922788352,Mexico
ID_908513569532256256,Cuba France
ID_908526969456779264,
ID_908537585257021440,
ID_908546892585242624,houstonia
ID_908552168906428416,
ID_908568831676657664,Chile
ID_908590342718590976,
ID_908624039530385408,
ID_908626005253869568,Virgin Islands
ID_908630845878976512,Collier County
ID_908632742790918144,vermouth
ID_908672815490043904,Withlacoochee River
ID_908695370577956864,Waccamaw
ID_908721429801250816,
ID_908743518562242560,houstonia
ID_908754446540144640,
ID_908789562196992000,
ID_908793027883360256,Chokoloskee
ID_908812261787148288,mexico
ID_908815606102798336,
ID_908815612926922752,florid
ID_908836650276544512,houstonia
ID_908844545219186688,Michigan houstonia
ID_908847499980533760,
ID_908850037928730624,
ID_908925545370578944,barbuda
ID_908931595297370112,
ID_909082940793114624,
ID_909141855018856448,
ID_909247223539666944,"Tamiflu,"
ID_909269271909470208,
ID_909361189972361216,
ID_909386454111068160,
ID_909389858946285568,
ID_909419763306303488,
ID_909420203947180032,
ID_909424250536292352,
ID_909430097664409600,
ID_909431742171418624,
ID_909437890085756928,
ID_909456745436778496,Palm Beach
ID_909474156659359744,
ID_909476952008003584,Venezuela Cuba Cuba
ID_909480086486777856,ups Virgin Islands
ID_909503639580037120,
ID_909541990127345664,Bahamas
ID_909545688647720960,
ID_909551842593558528,Cuba Cuba
ID_910523497943666688,Mexico city
ID_910524709078470656,Mexico Mexico
ID_910524897218019328,Mexico City
ID_910524918298591232,Mexico
ID_910531975483723776,
ID_910532334549704704,Mexico
ID_910533672247246848,Mexico City
ID_910534135734730752,US Virgin Islands
ID_910538789969289216,Mexico City
ID_910540620573192192,San guans
ID_910540869236699136,mexico
ID_910541145867829248,Mexico
ID_910542280683020288,Mexico Mexico
ID_910543214997843968,Dominica
ID_910546095880540160,Mexico
ID_910546863207657472,Mexico City mexico
ID_910547294923231232,
ID_910551560752467968,Mexico
ID_910554973594779648,Mexico
ID_910555568917454848,mexico
ID_910558817225764864,Mexico City Mexico
ID_910559290561359872,Mexico
ID_910560031744999424,Mexico Mexico
ID_910560477733724160,Mexico City
ID_910562108907155456,
ID_910564868901658624,mexico
ID_910567505512431616,Mexico City
ID_910570579715149824,Mexico City
ID_910571033580785664,Mexico
ID_910571779361472512,Mexico
ID_910572599238782976,Mexico city
ID_910572946137247744,Mexico
ID_910575552091885568,Mexico Mexico
ID_910576028304715776,
ID_910576832981950464,
ID_910579377859026944,mexico Mexico
ID_910580252300029952,Mexico Mexico houstonia
ID_910580496630996992,
ID_910580874776842240,Mexico
ID_910581559215960064,Mexico Mexico
ID_910582182040682496,Mexico
ID_910585374388445184,mexico
ID_910585646942642176,Mexico
ID_910610378391928832,Mexico
ID_910611634120482816,Mexico
ID_910614660629487616,Mexico City Mexico
ID_910615609800577024,
ID_910615962939932672,mexico
ID_910618672175157248,mexico
ID_910618681796829184,Mexico City
ID_910619338855432192,Mexico
ID_910622111298863104,Mexico City
ID_910622360541134848,Mexico San Francisco)
ID_910622361975582720,Mexico San Francisco)
ID_910624918550835200,
ID_910626767106428928,Caribbean
ID_910626827940409344,Mexico
ID_910632954203738112,mexico
ID_910633234261696512,Mexico City
ID_910636552950132736,Mexico City
ID_910638457768124416,Mexico
ID_910639318460280832,Mexico
ID_910643324175790080,Mexico city
ID_910643615914790912,Mexico
ID_910644412429955072,Mexico city
ID_910644973862653952,Mexico
ID_910646772812333056,Mexico City Mexico
ID_910646785814691840,
ID_910649843093086208,Mexico
ID_910658234649681920,Mexico
ID_910671328818102272,Mexico
ID_910676529511792640,mexico Kuwait
ID_910677524346159104,mexico
ID_910680403014385664,Mexico
ID_910680782947090432,
ID_910680789699854336,Mexico Mexico
ID_910681236477067264,Mexico City
ID_910681795225575424,Mexico
ID_910687250467262464,Mexico Mexico
ID_910687750537355264,Caribbean
ID_910689418134073344,
ID_910690177110220800,
ID_910691787307499520,Mexico
ID_910693586085318656,
ID_910694043708993536,mexico Mexico Mexico Mexico
ID_910698815304413184,Mexico city
ID_910699219693985792,mexico
ID_910701306465148928,Mexico
ID_910704638067867648,Mexico City
ID_910704653003714560,"Raboso, mexico"
ID_910707718746513408,Mexico City
ID_910708636309213184,Mexico Costa Rica
ID_910708769247686656,
ID_910709851503898624,Mexico
ID_910711736222830592,Mexico Japan
ID_910714693026701312,Mexico City
ID_910715266723483648,Mexico
ID_910717444628598784,Mexico
ID_910717644017303552,Mexico City
ID_910718009727209472,Mexico City
ID_910719187504394240,San guans
ID_910720128077189120,Mexico
ID_910720771437215744,
ID_910724659712212992,Mexico Mexico
ID_910725478390022144,Mexico city
ID_910729984783855616,mexico
ID_910736438148419584,Mexico
ID_910736673025093632,
ID_910737929194037248,mexico Mexico
ID_910738575938822144,
ID_910740304797593600,Mexico
ID_910741049957584896,Mexico
ID_910742534678351872,mexico
ID_910746454515503104,Mexico City
ID_910747823250931712,Mexico City
ID_910754444245118976,Mexico City
ID_910755189673517056,
ID_910756559638036480,mexico
ID_910778501430697984,Mexico
ID_910784890614009856,Mexico
ID_910792764589305856,Mexico
ID_910804426440372224,Mexico
ID_910804634314399744,annas City Mexico City
ID_910813014739230720,Mexico City
ID_911549177523589120,
ID_911554672804147200,
ID_911567124799348736,
ID_911595133258178560,
ID_911597108872073216,
ID_911621950547615744,mexico
ID_911629818671669248,Virgin islands
ID_911638400175878144,calicos
ID_911645122353385472,
ID_911646951581523968,
ID_911656052181016576,Israel Mexico
ID_911656414556282880,Mexico
ID_911665054654750720,mexico Mexico
ID_911691054566531072,Mexico
ID_911696373032062976,Ottawa-Gatineau Mexico
ID_911705151932469248,Mexico
ID_911710108094226432,Mexico
ID_911713536342155264,
ID_911719248669507584,Mexico City
ID_911732116026679296,Mexico
ID_911733512079855616,medicos
ID_911735613782667264,Jayuya
ID_911742022079455232,Mexico Mexico Mexico
ID_911757952213807104,Dominica
ID_911774811143188480,Mexico city
ID_911776987122929664,
ID_911828680078512128,Mexico Mexico City
ID_911831029748518912,Mexico
ID_911839965159575552,mexico
ID_911844617234059264,Mexico City Mexico
ID_911873646775255040,Hong
ID_911882316078813184,Mexico
ID_911948067104067584,
ID_911951701766279168,Mexico
ID_911961735149518848,Rico?!
ID_911972113950609408,
ID_911974703211978752,
ID_911976353104265216,Mexico city
ID_911996623315783680,Mexico
ID_911999552613441536,Mexico City
ID_912000594784681984,Mexico
ID_912015291802103808,Mexico
ID_912065806669934592,Mexico
ID_912078087868776448,
ID_912078871461335040,mexico
ID_912086026968899584,mexico
ID_912087866137866240,San
ID_912088036229259264,"Ayutla, mexico"
ID_912088578276159488,Mexico city
ID_912094772155822080,
ID_912095234338754560,
ID_912107520340238336,
ID_912124173698211840,
ID_912124233525944320,Mexico City
ID_912135344862126080,Mexico
ID_912156867232653312,Vancouver Canada Mexico
ID_912176893528592384,
ID_912179849707503616,"Loiza,"
ID_912183268577071104,
ID_912193322126585856,Crashboat Beach
ID_912195797772517376,
ID_912196348958588928,
ID_912206788841365504,Palestine Dominica
ID_912211328990797824,
ID_912245728893915136,Rico-cruise
ID_912247557224648704,Dare Currituck
ID_912276871949180928,mexico Mexico Mexico
ID_912277165386768384,
ID_912278933202227200,Mexico
ID_912287091026997248,Dominica
ID_912287962666332160,
ID_912297841896325120,Beaufort.
ID_912299307050573824,mexico Mexico
ID_912299591097298944,
ID_912313500831281152,
ID_912314490351431680,
ID_912317963285475328,Island
ID_912320518765858816,
ID_912322799037042688,Mexico
ID_912323224083615744,mexico
ID_912326672807899136,mexico Mexico city
ID_912332102280114176,
ID_912334268273168384,
ID_912354634265616384,Caribbean U S Virgin Islands
ID_912356979238203392,
ID_912361186313801728,
ID_912363705521905664,medicos
ID_912364624426672128,Mexico
ID_912375775835377664,
ID_912376284365369344,Mexico Atlixco.
ID_912381942368165888,U Dominica
ID_912402924575305728,
ID_912403188237651968,
ID_912403360581595136,
ID_912418902910566400,
ID_912424911930630144,Japan Mexico
ID_912425509216063488,
ID_912432135352537088,San jean
ID_912445527781806080,medicos
ID_912456273249079296,PuertoRico
ID_912457559772209152,Mexico
ID_912461989087236096,
ID_912463081447608320,
ID_912466561449037824,
ID_912963737363021824,"Oaxaca, Mexico"
ID_912970229470388224,US
ID_912980965659693056,
ID_912992935255396352,Dominica
ID_912994342930849792,Mexico City
ID_913000732479107072,
ID_913011290012037120,Mexico
ID_913011423290195968,
ID_913026275526180864,
ID_913033759397642240,Mexico City
ID_913050856240672768,Mexico
ID_913059002862505984,
ID_913063568232243200,
ID_913089233455390720,
ID_913090075776491520,Dominican Republic
ID_913098221307727872,
ID_913104301089734656,Mexico
ID_913108721500327936,Mexico
ID_913117876982370304,puertorico
ID_913129065317466112,US Virgin Islands
ID_913129390547931136,puertorico
ID_913131705074114560,
ID_913135557441675264,Mexico
ID_913143482356785152,
ID_913149049624244224,
ID_913178966827130880,
ID_913187481054523392,
ID_913190717391904768,
ID_913202569949974528,Mexico
ID_913214803048415232,
ID_913225453741248512,
ID_913227237398376448,
ID_913232498498383872,Mexico City
ID_913236331374903296,
ID_913239991001563136,Hawaii- US
ID_913242333663113216,
ID_913243861430013952,Martinique
ID_913250562740600832,
ID_913267317659668480,
ID_913277745043578880,
ID_913301681466740736,
ID_913302215284191232,Mexico
ID_913332504374980608,Mexico City
ID_913335305041723392,mexico
ID_913341422836883456,puertorico
ID_913356409919594496,Mexico City
ID_913359867880067072,Bolivia Mexico
ID_913364108992491520,
ID_913366359194656768,
ID_913386830183231488,Mexico
ID_913398745563373568,
ID_913413595131633664,
ID_913422590282207232,
ID_913424297212948480,
ID_913458667625881600,Mexico
ID_913476297463971840,Mexico
ID_913479217047834624,Mexico
ID_913521562782797824,Mexico Mexico
ID_913530733347532800,Mexico
ID_913583959631687680,
ID_913592859932217344,San
ID_913607848789082112,mexico Vancouver
ID_913689770353717248,Mexico
ID_913693807727783936,
ID_913710782235516928,mexico Mexico
ID_913790494009970688,
ID_913803179778768896,puertorico
ID_913810464685137920,Boston-area
ID_913817901613776896,Mexico
ID_913822449388711936,
ID_913832438824136704,
ID_913833895770120192,
ID_913846824452149248,
ID_913852993065439232,
ID_913854535298420736,
ID_913880080216182784,
ID_913894924931801088,
ID_913904413852487680,
ID_913928659811135488,
ID_913966482647785472,
ID_913970828215189504,
ID_913983536113139712,Mexico Mexico
ID_914124422088232960,
ID_914142705227141120,U S Virgin Islands
ID_914154617084067840,
ID_914178568611090432,Dominica
ID_914190210728173568,
ID_914191174285631488,
ID_914199144960610304,Dominica
ID_914204473811177472,
ID_914205749013893120,
ID_914207592683118592,
ID_914221752225591296,
ID_914226747268141056,
ID_914240444040601600,
ID_914251142724325376,
ID_914329624015982592,Mexico
ID_914462276073205760,
ID_914482198409043968,
ID_914494171125370880,
ID_914521240030908416,Dominica
ID_914526459087265792,
ID_914537762342281216,
ID_914538959048384512,mexico
ID_914553912623079424,
ID_914577936640040960,US Virgin islands
ID_914580314416123904,US
ID_914604759222505472,
ID_914613591675932672,Mexico Mexico
ID_914636426779664384,LA
ID_914666000825634816,Mexico City
ID_914839324566233088,
ID_914846223735054336,
ID_914847365739302912,
ID_914884223567360000,
ID_914896320233709568,
ID_914900524956360704,Mexico
ID_914902758939033600,
ID_914921321070460928,Dominica
ID_914960696646959104,
ID_914963388840767488,
ID_914988875390619648,dominica
ID_914995385743167488,
ID_915002992214110208,Mexico
ID_915026957758328832,Mexico
ID_915253441726889984,Mexico City
ID_916099144116191232,Mexico
